,State,County
0,US,United States
1,AL,Alabama
2,AL,Autauga
3,AL,Baldwin
4,AL,Barbour
5,AL,Bibb
6,AL,Blount
7,AL,Bullock
8,AL,Butler
9,AL,Calhoun
10,AL,Chambers
11,AL,Cherokee
12,AL,Chilton
13,AL,Choctaw
14,AL,Clarke
15,AL,Clay
16,AL,Cleburne
17,AL,Coffee
18,AL,Colbert
19,AL,Conecuh
20,AL,Coosa
21,AL,Covington
22,AL,Crenshaw
23,AL,Cullman
24,AL,Dale
25,AL,Dallas
26,AL,DeKalb
27,AL,Elmore
28,AL,Escambia
29,AL,Etowah
30,AL,Fayette
31,AL,Franklin
32,AL,Geneva
33,AL,Greene
34,AL,Hale
35,AL,Henry
36,AL,Houston
37,AL,Jackson
38,AL,Jefferson
39,AL,Lamar
40,AL,Lauderdale
41,AL,Lawrence
42,AL,Lee
43,AL,Limestone
44,AL,Lowndes
45,AL,Macon
46,AL,Madison
47,AL,Marengo
48,AL,Marion
49,AL,Marshall
50,AL,Mobile
51,AL,Monroe
52,AL,Montgomery
53,AL,Morgan
54,AL,Perry
55,AL,Pickens
56,AL,Pike
57,AL,Randolph
58,AL,Russell
59,AL,St. Clair
60,AL,Shelby
61,AL,Sumter
62,AL,Talladega
63,AL,Tallapoosa
64,AL,Tuscaloosa
65,AL,Walker
66,AL,Washington
67,AL,Wilcox
68,AL,Winston
69,AK,Alaska
70,AK,Aleutian Islands
71,AK,Aleutians East
72,AK,Aleutians West
73,AK,Anchorage
74,AK,Bethel
75,AK,Bristol Bay
76,AK,Denali
77,AK,Dillingham
78,AK,Fairbanks North Star
79,AK,Haines
80,AK,Hoonah-Angoon
81,AK,Juneau 
82,AK,Kenai Peninsula
83,AK,Ketchikan Gateway
84,AK,Kodiak Island
85,AK,Kusilvak
86,AK,Lake and Peninsula
87,AK,Matanuska-Susitna
88,AK,Nome
89,AK,North Slope
90,AK,Northwest Arctic
91,AK,Petersburg
92,AK,Prince of Wales-Hyder
93,AK,Prince of Wales-Outer Ketchikan
94,AK,Sitka 
95,AK,Skagway
96,AK,Skagway-Hoonah-Angoon
97,AK,Southeast Fairbanks
98,AK,Valdez-Cordova
99,AK,Wrangell 
100,AK,Wrangell-Petersburg
101,AK,Yakutat 
102,AK,Yukon-Koyukuk
103,AZ,Arizona
104,AZ,Apache
105,AZ,Cochise
106,AZ,Coconino
107,AZ,Gila
108,AZ,Graham
109,AZ,Greenlee
110,AZ,La Paz
111,AZ,Maricopa
112,AZ,Mohave
113,AZ,Navajo
114,AZ,Pima
115,AZ,Pinal
116,AZ,Santa Cruz
117,AZ,Yavapai
118,AZ,Yuma
119,AR,Arkansas
120,AR,Arkansas
121,AR,Ashley
122,AR,Baxter
123,AR,Benton
124,AR,Boone
125,AR,Bradley
126,AR,Calhoun
127,AR,Carroll
128,AR,Chicot
129,AR,Clark
130,AR,Clay
131,AR,Cleburne
132,AR,Cleveland
133,AR,Columbia
134,AR,Conway
135,AR,Craighead
136,AR,Crawford
137,AR,Crittenden
138,AR,Cross
139,AR,Dallas
140,AR,Desha
141,AR,Drew
142,AR,Faulkner
143,AR,Franklin
144,AR,Fulton
145,AR,Garland
146,AR,Grant
147,AR,Greene
148,AR,Hempstead
149,AR,Hot Spring
150,AR,Howard
151,AR,Independence
152,AR,Izard
153,AR,Jackson
154,AR,Jefferson
155,AR,Johnson
156,AR,Lafayette
157,AR,Lawrence
158,AR,Lee
159,AR,Lincoln
160,AR,Little River
161,AR,Logan
162,AR,Lonoke
163,AR,Madison
164,AR,Marion
165,AR,Miller
166,AR,Mississippi
167,AR,Monroe
168,AR,Montgomery
169,AR,Nevada
170,AR,Newton
171,AR,Ouachita
172,AR,Perry
173,AR,Phillips
174,AR,Pike
175,AR,Poinsett
176,AR,Polk
177,AR,Pope
178,AR,Prairie
179,AR,Pulaski
180,AR,Randolph
181,AR,St. Francis
182,AR,Saline
183,AR,Scott
184,AR,Searcy
185,AR,Sebastian
186,AR,Sevier
187,AR,Sharp
188,AR,Stone
189,AR,Union
190,AR,Van Buren
191,AR,Washington
192,AR,White
193,AR,Woodruff
194,AR,Yell
195,CA,California
196,CA,Alameda
197,CA,Alpine
198,CA,Amador
199,CA,Butte
200,CA,Calaveras
201,CA,Colusa
202,CA,Contra Costa
203,CA,Del Norte
204,CA,El Dorado
205,CA,Fresno
206,CA,Glenn
207,CA,Humboldt
208,CA,Imperial
209,CA,Inyo
210,CA,Kern
211,CA,Kings
212,CA,Lake
213,CA,Lassen
214,CA,Los Angeles
215,CA,Madera
216,CA,Marin
217,CA,Mariposa
218,CA,Mendocino
219,CA,Merced
220,CA,Modoc
221,CA,Mono
222,CA,Monterey
223,CA,Napa
224,CA,Nevada
225,CA,Orange
226,CA,Placer
227,CA,Plumas
228,CA,Riverside
229,CA,Sacramento
230,CA,San Benito
231,CA,San Bernardino
232,CA,San Diego
233,CA,San Francisco
234,CA,San Joaquin
235,CA,San Luis Obispo
236,CA,San Mateo
237,CA,Santa Barbara
238,CA,Santa Clara
239,CA,Santa Cruz
240,CA,Shasta
241,CA,Sierra
242,CA,Siskiyou
243,CA,Solano
244,CA,Sonoma
245,CA,Stanislaus
246,CA,Sutter
247,CA,Tehama
248,CA,Trinity
249,CA,Tulare
250,CA,Tuolumne
251,CA,Ventura
252,CA,Yolo
253,CA,Yuba
254,CO,Colorado
255,CO,Adams
256,CO,Alamosa
257,CO,Arapahoe
258,CO,Archuleta
259,CO,Baca
260,CO,Bent
261,CO,Boulder
262,CO,Broomfield
263,CO,Chaffee
264,CO,Cheyenne
265,CO,Clear Creek
266,CO,Conejos
267,CO,Costilla
268,CO,Crowley
269,CO,Custer
270,CO,Delta
271,CO,Denver
272,CO,Dolores
273,CO,Douglas
274,CO,Eagle
275,CO,Elbert
276,CO,El Paso
277,CO,Fremont
278,CO,Garfield
279,CO,Gilpin
280,CO,Grand
281,CO,Gunnison
282,CO,Hinsdale
283,CO,Huerfano
284,CO,Jackson
285,CO,Jefferson
286,CO,Kiowa
287,CO,Kit Carson
288,CO,Lake
289,CO,La Plata
290,CO,Larimer
291,CO,Las Animas
292,CO,Lincoln
293,CO,Logan
294,CO,Mesa
295,CO,Mineral
296,CO,Moffat
297,CO,Montezuma
298,CO,Montrose
299,CO,Morgan
300,CO,Otero
301,CO,Ouray
302,CO,Park
303,CO,Phillips
304,CO,Pitkin
305,CO,Prowers
306,CO,Pueblo
307,CO,Rio Blanco
308,CO,Rio Grande
309,CO,Routt
310,CO,Saguache
311,CO,San Juan
312,CO,San Miguel
313,CO,Sedgwick
314,CO,Summit
315,CO,Teller
316,CO,Washington
317,CO,Weld
318,CO,Yuma
319,CT,Connecticut
320,CT,Fairfield
321,CT,Hartford
322,CT,Litchfield
323,CT,Middlesex
324,CT,New Haven
325,CT,New London
326,CT,Tolland
327,CT,Windham
328,DE,Delaware
329,DE,Kent
330,DE,New Castle
331,DE,Sussex
332,DC,District of Columbia
333,DC,District of Columbia
334,FL,Florida
335,FL,Alachua
336,FL,Baker
337,FL,Bay
338,FL,Bradford
339,FL,Brevard
340,FL,Broward
341,FL,Calhoun
342,FL,Charlotte
343,FL,Citrus
344,FL,Clay
345,FL,Collier
346,FL,Columbia
347,FL,DeSoto
348,FL,Dixie
349,FL,Duval
350,FL,Escambia
351,FL,Flagler
352,FL,Franklin
353,FL,Gadsden
354,FL,Gilchrist
355,FL,Glades
356,FL,Gulf
357,FL,Hamilton
358,FL,Hardee
359,FL,Hendry
360,FL,Hernando
361,FL,Highlands
362,FL,Hillsborough
363,FL,Holmes
364,FL,Indian River
365,FL,Jackson
366,FL,Jefferson
367,FL,Lafayette
368,FL,Lake
369,FL,Lee
370,FL,Leon
371,FL,Levy
372,FL,Liberty
373,FL,Madison
374,FL,Manatee
375,FL,Marion
376,FL,Martin
377,FL,Miami-Dade
378,FL,Monroe
379,FL,Nassau
380,FL,Okaloosa
381,FL,Okeechobee
382,FL,Orange
383,FL,Osceola
384,FL,Palm Beach
385,FL,Pasco
386,FL,Pinellas
387,FL,Polk
388,FL,Putnam
389,FL,St. Johns
390,FL,St. Lucie
391,FL,Santa Rosa
392,FL,Sarasota
393,FL,Seminole
394,FL,Sumter
395,FL,Suwannee
396,FL,Taylor
397,FL,Union
398,FL,Volusia
399,FL,Wakulla
400,FL,Walton
401,FL,Washington
402,GA,Georgia
403,GA,Appling
404,GA,Atkinson
405,GA,Bacon
406,GA,Baker
407,GA,Baldwin
408,GA,Banks
409,GA,Barrow
410,GA,Bartow
411,GA,Ben Hill
412,GA,Berrien
413,GA,Bibb
414,GA,Bleckley
415,GA,Brantley
416,GA,Brooks
417,GA,Bryan
418,GA,Bulloch
419,GA,Burke
420,GA,Butts
421,GA,Calhoun
422,GA,Camden
423,GA,Candler
424,GA,Carroll
425,GA,Catoosa
426,GA,Charlton
427,GA,Chatham
428,GA,Chattahoochee
429,GA,Chattooga
430,GA,Cherokee
431,GA,Clarke
432,GA,Clay
433,GA,Clayton
434,GA,Clinch
435,GA,Cobb
436,GA,Coffee
437,GA,Colquitt
438,GA,Columbia
439,GA,Cook
440,GA,Coweta
441,GA,Crawford
442,GA,Crisp
443,GA,Dade
444,GA,Dawson
445,GA,Decatur
446,GA,DeKalb
447,GA,Dodge
448,GA,Dooly
449,GA,Dougherty
450,GA,Douglas
451,GA,Early
452,GA,Echols
453,GA,Effingham
454,GA,Elbert
455,GA,Emanuel
456,GA,Evans
457,GA,Fannin
458,GA,Fayette
459,GA,Floyd
460,GA,Forsyth
461,GA,Franklin
462,GA,Fulton
463,GA,Gilmer
464,GA,Glascock
465,GA,Glynn
466,GA,Gordon
467,GA,Grady
468,GA,Greene
469,GA,Gwinnett
470,GA,Habersham
471,GA,Hall
472,GA,Hancock
473,GA,Haralson
474,GA,Harris
475,GA,Hart
476,GA,Heard
477,GA,Henry
478,GA,Houston
479,GA,Irwin
480,GA,Jackson
481,GA,Jasper
482,GA,Jeff Davis
483,GA,Jefferson
484,GA,Jenkins
485,GA,Johnson
486,GA,Jones
487,GA,Lamar
488,GA,Lanier
489,GA,Laurens
490,GA,Lee
491,GA,Liberty
492,GA,Lincoln
493,GA,Long
494,GA,Lowndes
495,GA,Lumpkin
496,GA,McDuffie
497,GA,McIntosh
498,GA,Macon
499,GA,Madison
500,GA,Marion
501,GA,Meriwether
502,GA,Miller
503,GA,Mitchell
504,GA,Monroe
505,GA,Montgomery
506,GA,Morgan
507,GA,Murray
508,GA,Muscogee
509,GA,Newton
510,GA,Oconee
511,GA,Oglethorpe
512,GA,Paulding
513,GA,Peach
514,GA,Pickens
515,GA,Pierce
516,GA,Pike
517,GA,Polk
518,GA,Pulaski
519,GA,Putnam
520,GA,Quitman
521,GA,Rabun
522,GA,Randolph
523,GA,Richmond
524,GA,Rockdale
525,GA,Schley
526,GA,Screven
527,GA,Seminole
528,GA,Spalding
529,GA,Stephens
530,GA,Stewart
531,GA,Sumter
532,GA,Talbot
533,GA,Taliaferro
534,GA,Tattnall
535,GA,Taylor
536,GA,Telfair
537,GA,Terrell
538,GA,Thomas
539,GA,Tift
540,GA,Toombs
541,GA,Towns
542,GA,Treutlen
543,GA,Troup
544,GA,Turner
545,GA,Twiggs
546,GA,Union
547,GA,Upson
548,GA,Walker
549,GA,Walton
550,GA,Ware
551,GA,Warren
552,GA,Washington
553,GA,Wayne
554,GA,Webster
555,GA,Wheeler
556,GA,White
557,GA,Whitfield
558,GA,Wilcox
559,GA,Wilkes
560,GA,Wilkinson
561,GA,Worth
562,HI,Hawaii
563,HI,Hawaii
564,HI,Honolulu
565,HI,Kalawao
566,HI,Kauai
567,HI,Maui
568,ID,Idaho
569,ID,Ada
570,ID,Adams
571,ID,Bannock
572,ID,Bear Lake
573,ID,Benewah
574,ID,Bingham
575,ID,Blaine
576,ID,Boise
577,ID,Bonner
578,ID,Bonneville
579,ID,Boundary
580,ID,Butte
581,ID,Camas
582,ID,Canyon
583,ID,Caribou
584,ID,Cassia
585,ID,Clark
586,ID,Clearwater
587,ID,Custer
588,ID,Elmore
589,ID,Franklin
590,ID,Fremont
591,ID,Gem
592,ID,Gooding
593,ID,Idaho
594,ID,Jefferson
595,ID,Jerome
596,ID,Kootenai
597,ID,Latah
598,ID,Lemhi
599,ID,Lewis
600,ID,Lincoln
601,ID,Madison
602,ID,Minidoka
603,ID,Nez Perce
604,ID,Oneida
605,ID,Owyhee
606,ID,Payette
607,ID,Power
608,ID,Shoshone
609,ID,Teton
610,ID,Twin Falls
611,ID,Valley
612,ID,Washington
613,IL,Illinois
614,IL,Adams
615,IL,Alexander
616,IL,Bond
617,IL,Boone
618,IL,Brown
619,IL,Bureau
620,IL,Calhoun
621,IL,Carroll
622,IL,Cass
623,IL,Champaign
624,IL,Christian
625,IL,Clark
626,IL,Clay
627,IL,Clinton
628,IL,Coles
629,IL,Cook
630,IL,Crawford
631,IL,Cumberland
632,IL,DeKalb
633,IL,De Witt
634,IL,Douglas
635,IL,DuPage
636,IL,Edgar
637,IL,Edwards
638,IL,Effingham
639,IL,Fayette
640,IL,Ford
641,IL,Franklin
642,IL,Fulton
643,IL,Gallatin
644,IL,Greene
645,IL,Grundy
646,IL,Hamilton
647,IL,Hancock
648,IL,Hardin
649,IL,Henderson
650,IL,Henry
651,IL,Iroquois
652,IL,Jackson
653,IL,Jasper
654,IL,Jefferson
655,IL,Jersey
656,IL,Jo Daviess
657,IL,Johnson
658,IL,Kane
659,IL,Kankakee
660,IL,Kendall
661,IL,Knox
662,IL,Lake
663,IL,LaSalle
664,IL,Lawrence
665,IL,Lee
666,IL,Livingston
667,IL,Logan
668,IL,McDonough
669,IL,McHenry
670,IL,McLean
671,IL,Macon
672,IL,Macoupin
673,IL,Madison
674,IL,Marion
675,IL,Marshall
676,IL,Mason
677,IL,Massac
678,IL,Menard
679,IL,Mercer
680,IL,Monroe
681,IL,Montgomery
682,IL,Morgan
683,IL,Moultrie
684,IL,Ogle
685,IL,Peoria
686,IL,Perry
687,IL,Piatt
688,IL,Pike
689,IL,Pope
690,IL,Pulaski
691,IL,Putnam
692,IL,Randolph
693,IL,Richland
694,IL,Rock Island
695,IL,St. Clair
696,IL,Saline
697,IL,Sangamon
698,IL,Schuyler
699,IL,Scott
700,IL,Shelby
701,IL,Stark
702,IL,Stephenson
703,IL,Tazewell
704,IL,Union
705,IL,Vermilion
706,IL,Wabash
707,IL,Warren
708,IL,Washington
709,IL,Wayne
710,IL,White
711,IL,Whiteside
712,IL,Will
713,IL,Williamson
714,IL,Winnebago
715,IL,Woodford
716,IN,Indiana
717,IN,Adams
718,IN,Allen
719,IN,Bartholomew
720,IN,Benton
721,IN,Blackford
722,IN,Boone
723,IN,Brown
724,IN,Carroll
725,IN,Cass
726,IN,Clark
727,IN,Clay
728,IN,Clinton
729,IN,Crawford
730,IN,Daviess
731,IN,Dearborn
732,IN,Decatur
733,IN,DeKalb
734,IN,Delaware
735,IN,Dubois
736,IN,Elkhart
737,IN,Fayette
738,IN,Floyd
739,IN,Fountain
740,IN,Franklin
741,IN,Fulton
742,IN,Gibson
743,IN,Grant
744,IN,Greene
745,IN,Hamilton
746,IN,Hancock
747,IN,Harrison
748,IN,Hendricks
749,IN,Henry
750,IN,Howard
751,IN,Huntington
752,IN,Jackson
753,IN,Jasper
754,IN,Jay
755,IN,Jefferson
756,IN,Jennings
757,IN,Johnson
758,IN,Knox
759,IN,Kosciusko
760,IN,LaGrange
761,IN,Lake
762,IN,LaPorte
763,IN,Lawrence
764,IN,Madison
765,IN,Marion
766,IN,Marshall
767,IN,Martin
768,IN,Miami
769,IN,Monroe
770,IN,Montgomery
771,IN,Morgan
772,IN,Newton
773,IN,Noble
774,IN,Ohio
775,IN,Orange
776,IN,Owen
777,IN,Parke
778,IN,Perry
779,IN,Pike
780,IN,Porter
781,IN,Posey
782,IN,Pulaski
783,IN,Putnam
784,IN,Randolph
785,IN,Ripley
786,IN,Rush
787,IN,St. Joseph
788,IN,Scott
789,IN,Shelby
790,IN,Spencer
791,IN,Starke
792,IN,Steuben
793,IN,Sullivan
794,IN,Switzerland
795,IN,Tippecanoe
796,IN,Tipton
797,IN,Union
798,IN,Vanderburgh
799,IN,Vermillion
800,IN,Vigo
801,IN,Wabash
802,IN,Warren
803,IN,Warrick
804,IN,Washington
805,IN,Wayne
806,IN,Wells
807,IN,White
808,IN,Whitley
809,IA,Iowa
810,IA,Adair
811,IA,Adams
812,IA,Allamakee
813,IA,Appanoose
814,IA,Audubon
815,IA,Benton
816,IA,Black Hawk
817,IA,Boone
818,IA,Bremer
819,IA,Buchanan
820,IA,Buena Vista
821,IA,Butler
822,IA,Calhoun
823,IA,Carroll
824,IA,Cass
825,IA,Cedar
826,IA,Cerro Gordo
827,IA,Cherokee
828,IA,Chickasaw
829,IA,Clarke
830,IA,Clay
831,IA,Clayton
832,IA,Clinton
833,IA,Crawford
834,IA,Dallas
835,IA,Davis
836,IA,Decatur
837,IA,Delaware
838,IA,Des Moines
839,IA,Dickinson
840,IA,Dubuque
841,IA,Emmet
842,IA,Fayette
843,IA,Floyd
844,IA,Franklin
845,IA,Fremont
846,IA,Greene
847,IA,Grundy
848,IA,Guthrie
849,IA,Hamilton
850,IA,Hancock
851,IA,Hardin
852,IA,Harrison
853,IA,Henry
854,IA,Howard
855,IA,Humboldt
856,IA,Ida
857,IA,Iowa
858,IA,Jackson
859,IA,Jasper
860,IA,Jefferson
861,IA,Johnson
862,IA,Jones
863,IA,Keokuk
864,IA,Kossuth
865,IA,Lee
866,IA,Linn
867,IA,Louisa
868,IA,Lucas
869,IA,Lyon
870,IA,Madison
871,IA,Mahaska
872,IA,Marion
873,IA,Marshall
874,IA,Mills
875,IA,Mitchell
876,IA,Monona
877,IA,Monroe
878,IA,Montgomery
879,IA,Muscatine
880,IA,O'Brien
881,IA,Osceola
882,IA,Page
883,IA,Palo Alto
884,IA,Plymouth
885,IA,Pocahontas
886,IA,Polk
887,IA,Pottawattamie
888,IA,Poweshiek
889,IA,Ringgold
890,IA,Sac
891,IA,Scott
892,IA,Shelby
893,IA,Sioux
894,IA,Story
895,IA,Tama
896,IA,Taylor
897,IA,Union
898,IA,Van Buren
899,IA,Wapello
900,IA,Warren
901,IA,Washington
902,IA,Wayne
903,IA,Webster
904,IA,Winnebago
905,IA,Winneshiek
906,IA,Woodbury
907,IA,Worth
908,IA,Wright
909,KS,Kansas
910,KS,Allen
911,KS,Anderson
912,KS,Atchison
913,KS,Barber
914,KS,Barton
915,KS,Bourbon
916,KS,Brown
917,KS,Butler
918,KS,Chase
919,KS,Chautauqua
920,KS,Cherokee
921,KS,Cheyenne
922,KS,Clark
923,KS,Clay
924,KS,Cloud
925,KS,Coffey
926,KS,Comanche
927,KS,Cowley
928,KS,Crawford
929,KS,Decatur
930,KS,Dickinson
931,KS,Doniphan
932,KS,Douglas
933,KS,Edwards
934,KS,Elk
935,KS,Ellis
936,KS,Ellsworth
937,KS,Finney
938,KS,Ford
939,KS,Franklin
940,KS,Geary
941,KS,Gove
942,KS,Graham
943,KS,Grant
944,KS,Gray
945,KS,Greeley
946,KS,Greenwood
947,KS,Hamilton
948,KS,Harper
949,KS,Harvey
950,KS,Haskell
951,KS,Hodgeman
952,KS,Jackson
953,KS,Jefferson
954,KS,Jewell
955,KS,Johnson
956,KS,Kearny
957,KS,Kingman
958,KS,Kiowa
959,KS,Labette
960,KS,Lane
961,KS,Leavenworth
962,KS,Lincoln
963,KS,Linn
964,KS,Logan
965,KS,Lyon
966,KS,McPherson
967,KS,Marion
968,KS,Marshall
969,KS,Meade
970,KS,Miami
971,KS,Mitchell
972,KS,Montgomery
973,KS,Morris
974,KS,Morton
975,KS,Nemaha
976,KS,Neosho
977,KS,Ness
978,KS,Norton
979,KS,Osage
980,KS,Osborne
981,KS,Ottawa
982,KS,Pawnee
983,KS,Phillips
984,KS,Pottawatomie
985,KS,Pratt
986,KS,Rawlins
987,KS,Reno
988,KS,Republic
989,KS,Rice
990,KS,Riley
991,KS,Rooks
992,KS,Rush
993,KS,Russell
994,KS,Saline
995,KS,Scott
996,KS,Sedgwick
997,KS,Seward
998,KS,Shawnee
999,KS,Sheridan
1000,KS,Sherman
1001,KS,Smith
1002,KS,Stafford
1003,KS,Stanton
1004,KS,Stevens
1005,KS,Sumner
1006,KS,Thomas
1007,KS,Trego
1008,KS,Wabaunsee
1009,KS,Wallace
1010,KS,Washington
1011,KS,Wichita
1012,KS,Wilson
1013,KS,Woodson
1014,KS,Wyandotte
1015,KY,Kentucky
1016,KY,Adair
1017,KY,Allen
1018,KY,Anderson
1019,KY,Ballard
1020,KY,Barren
1021,KY,Bath
1022,KY,Bell
1023,KY,Boone
1024,KY,Bourbon
1025,KY,Boyd
1026,KY,Boyle
1027,KY,Bracken
1028,KY,Breathitt
1029,KY,Breckinridge
1030,KY,Bullitt
1031,KY,Butler
1032,KY,Caldwell
1033,KY,Calloway
1034,KY,Campbell
1035,KY,Carlisle
1036,KY,Carroll
1037,KY,Carter
1038,KY,Casey
1039,KY,Christian
1040,KY,Clark
1041,KY,Clay
1042,KY,Clinton
1043,KY,Crittenden
1044,KY,Cumberland
1045,KY,Daviess
1046,KY,Edmonson
1047,KY,Elliott
1048,KY,Estill
1049,KY,Fayette
1050,KY,Fleming
1051,KY,Floyd
1052,KY,Franklin
1053,KY,Fulton
1054,KY,Gallatin
1055,KY,Garrard
1056,KY,Grant
1057,KY,Graves
1058,KY,Grayson
1059,KY,Green
1060,KY,Greenup
1061,KY,Hancock
1062,KY,Hardin
1063,KY,Harlan
1064,KY,Harrison
1065,KY,Hart
1066,KY,Henderson
1067,KY,Henry
1068,KY,Hickman
1069,KY,Hopkins
1070,KY,Jackson
1071,KY,Jefferson
1072,KY,Jessamine
1073,KY,Johnson
1074,KY,Kenton
1075,KY,Knott
1076,KY,Knox
1077,KY,Larue
1078,KY,Laurel
1079,KY,Lawrence
1080,KY,Lee
1081,KY,Leslie
1082,KY,Letcher
1083,KY,Lewis
1084,KY,Lincoln
1085,KY,Livingston
1086,KY,Logan
1087,KY,Lyon
1088,KY,McCracken
1089,KY,McCreary
1090,KY,McLean
1091,KY,Madison
1092,KY,Magoffin
1093,KY,Marion
1094,KY,Marshall
1095,KY,Martin
1096,KY,Mason
1097,KY,Meade
1098,KY,Menifee
1099,KY,Mercer
1100,KY,Metcalfe
1101,KY,Monroe
1102,KY,Montgomery
1103,KY,Morgan
1104,KY,Muhlenberg
1105,KY,Nelson
1106,KY,Nicholas
1107,KY,Ohio
1108,KY,Oldham
1109,KY,Owen
1110,KY,Owsley
1111,KY,Pendleton
1112,KY,Perry
1113,KY,Pike
1114,KY,Powell
1115,KY,Pulaski
1116,KY,Robertson
1117,KY,Rockcastle
1118,KY,Rowan
1119,KY,Russell
1120,KY,Scott
1121,KY,Shelby
1122,KY,Simpson
1123,KY,Spencer
1124,KY,Taylor
1125,KY,Todd
1126,KY,Trigg
1127,KY,Trimble
1128,KY,Union
1129,KY,Warren
1130,KY,Washington
1131,KY,Wayne
1132,KY,Webster
1133,KY,Whitley
1134,KY,Wolfe
1135,KY,Woodford
1136,LA,Louisiana
1137,LA,Acadia
1138,LA,Allen
1139,LA,Ascension
1140,LA,Assumption
1141,LA,Avoyelles
1142,LA,Beauregard
1143,LA,Bienville
1144,LA,Bossier
1145,LA,Caddo
1146,LA,Calcasieu
1147,LA,Caldwell
1148,LA,Cameron
1149,LA,Catahoula
1150,LA,Claiborne
1151,LA,Concordia
1152,LA,De Soto
1153,LA,East Baton Rouge
1154,LA,East Carroll
1155,LA,East Feliciana
1156,LA,Evangeline
1157,LA,Franklin
1158,LA,Grant
1159,LA,Iberia
1160,LA,Iberville
1161,LA,Jackson
1162,LA,Jefferson
1163,LA,Jefferson Davis
1164,LA,Lafayette
1165,LA,Lafourche
1166,LA,La Salle
1167,LA,Lincoln
1168,LA,Livingston
1169,LA,Madison
1170,LA,Morehouse
1171,LA,Natchitoches
1172,LA,Orleans
1173,LA,Ouachita
1174,LA,Plaquemines
1175,LA,Pointe Coupee
1176,LA,Rapides
1177,LA,Red River
1178,LA,Richland
1179,LA,Sabine
1180,LA,St. Bernard
1181,LA,St. Charles
1182,LA,St. Helena
1183,LA,St. James
1184,LA,St. John the Baptist
1185,LA,St. Landry
1186,LA,St. Martin
1187,LA,St. Mary
1188,LA,St. Tammany
1189,LA,Tangipahoa
1190,LA,Tensas
1191,LA,Terrebonne
1192,LA,Union
1193,LA,Vermilion
1194,LA,Vernon
1195,LA,Washington
1196,LA,Webster
1197,LA,West Baton Rouge
1198,LA,West Carroll
1199,LA,West Feliciana
1200,LA,Winn
1201,ME,Maine
1202,ME,Androscoggin
1203,ME,Aroostook
1204,ME,Cumberland
1205,ME,Franklin
1206,ME,Hancock
1207,ME,Kennebec
1208,ME,Knox
1209,ME,Lincoln
1210,ME,Oxford
1211,ME,Penobscot
1212,ME,Piscataquis
1213,ME,Sagadahoc
1214,ME,Somerset
1215,ME,Waldo
1216,ME,Washington
1217,ME,York
1218,MD,Maryland
1219,MD,Allegany
1220,MD,Anne Arundel
1221,MD,Baltimore
1222,MD,Calvert
1223,MD,Caroline
1224,MD,Carroll
1225,MD,Cecil
1226,MD,Charles
1227,MD,Dorchester
1228,MD,Frederick
1229,MD,Garrett
1230,MD,Harford
1231,MD,Howard
1232,MD,Kent
1233,MD,Montgomery
1234,MD,Prince George's
1235,MD,Queen Anne's
1236,MD,St. Mary's
1237,MD,Somerset
1238,MD,Talbot
1239,MD,Washington
1240,MD,Wicomico
1241,MD,Worcester
1242,MD,Baltimore
1243,MA,Massachusetts
1244,MA,Barnstable
1245,MA,Berkshire
1246,MA,Bristol
1247,MA,Dukes
1248,MA,Essex
1249,MA,Franklin
1250,MA,Hampden
1251,MA,Hampshire
1252,MA,Middlesex
1253,MA,Nantucket
1254,MA,Norfolk
1255,MA,Plymouth
1256,MA,Suffolk
1257,MA,Worcester
1258,MI,Michigan
1259,MI,Alcona
1260,MI,Alger
1261,MI,Allegan
1262,MI,Alpena
1263,MI,Antrim
1264,MI,Arenac
1265,MI,Baraga
1266,MI,Barry
1267,MI,Bay
1268,MI,Benzie
1269,MI,Berrien
1270,MI,Branch
1271,MI,Calhoun
1272,MI,Cass
1273,MI,Charlevoix
1274,MI,Cheboygan
1275,MI,Chippewa
1276,MI,Clare
1277,MI,Clinton
1278,MI,Crawford
1279,MI,Delta
1280,MI,Dickinson
1281,MI,Eaton
1282,MI,Emmet
1283,MI,Genesee
1284,MI,Gladwin
1285,MI,Gogebic
1286,MI,Grand Traverse
1287,MI,Gratiot
1288,MI,Hillsdale
1289,MI,Houghton
1290,MI,Huron
1291,MI,Ingham
1292,MI,Ionia
1293,MI,Iosco
1294,MI,Iron
1295,MI,Isabella
1296,MI,Jackson
1297,MI,Kalamazoo
1298,MI,Kalkaska
1299,MI,Kent
1300,MI,Keweenaw
1301,MI,Lake
1302,MI,Lapeer
1303,MI,Leelanau
1304,MI,Lenawee
1305,MI,Livingston
1306,MI,Luce
1307,MI,Mackinac
1308,MI,Macomb
1309,MI,Manistee
1310,MI,Marquette
1311,MI,Mason
1312,MI,Mecosta
1313,MI,Menominee
1314,MI,Midland
1315,MI,Missaukee
1316,MI,Monroe
1317,MI,Montcalm
1318,MI,Montmorency
1319,MI,Muskegon
1320,MI,Newaygo
1321,MI,Oakland
1322,MI,Oceana
1323,MI,Ogemaw
1324,MI,Ontonagon
1325,MI,Osceola
1326,MI,Oscoda
1327,MI,Otsego
1328,MI,Ottawa
1329,MI,Presque Isle
1330,MI,Roscommon
1331,MI,Saginaw
1332,MI,St. Clair
1333,MI,St. Joseph
1334,MI,Sanilac
1335,MI,Schoolcraft
1336,MI,Shiawassee
1337,MI,Tuscola
1338,MI,Van Buren
1339,MI,Washtenaw
1340,MI,Wayne
1341,MI,Wexford
1342,MN,Minnesota
1343,MN,Aitkin
1344,MN,Anoka
1345,MN,Becker
1346,MN,Beltrami
1347,MN,Benton
1348,MN,Big Stone
1349,MN,Blue Earth
1350,MN,Brown
1351,MN,Carlton
1352,MN,Carver
1353,MN,Cass
1354,MN,Chippewa
1355,MN,Chisago
1356,MN,Clay
1357,MN,Clearwater
1358,MN,Cook
1359,MN,Cottonwood
1360,MN,Crow Wing
1361,MN,Dakota
1362,MN,Dodge
1363,MN,Douglas
1364,MN,Faribault
1365,MN,Fillmore
1366,MN,Freeborn
1367,MN,Goodhue
1368,MN,Grant
1369,MN,Hennepin
1370,MN,Houston
1371,MN,Hubbard
1372,MN,Isanti
1373,MN,Itasca
1374,MN,Jackson
1375,MN,Kanabec
1376,MN,Kandiyohi
1377,MN,Kittson
1378,MN,Koochiching
1379,MN,Lac qui Parle
1380,MN,Lake
1381,MN,Lake of the Woods
1382,MN,Le Sueur
1383,MN,Lincoln
1384,MN,Lyon
1385,MN,McLeod
1386,MN,Mahnomen
1387,MN,Marshall
1388,MN,Martin
1389,MN,Meeker
1390,MN,Mille Lacs
1391,MN,Morrison
1392,MN,Mower
1393,MN,Murray
1394,MN,Nicollet
1395,MN,Nobles
1396,MN,Norman
1397,MN,Olmsted
1398,MN,Otter Tail
1399,MN,Pennington
1400,MN,Pine
1401,MN,Pipestone
1402,MN,Polk
1403,MN,Pope
1404,MN,Ramsey
1405,MN,Red Lake
1406,MN,Redwood
1407,MN,Renville
1408,MN,Rice
1409,MN,Rock
1410,MN,Roseau
1411,MN,St. Louis
1412,MN,Scott
1413,MN,Sherburne
1414,MN,Sibley
1415,MN,Stearns
1416,MN,Steele
1417,MN,Stevens
1418,MN,Swift
1419,MN,Todd
1420,MN,Traverse
1421,MN,Wabasha
1422,MN,Wadena
1423,MN,Waseca
1424,MN,Washington
1425,MN,Watonwan
1426,MN,Wilkin
1427,MN,Winona
1428,MN,Wright
1429,MN,Yellow Medicine
1430,MS,Mississippi
1431,MS,Adams
1432,MS,Alcorn
1433,MS,Amite
1434,MS,Attala
1435,MS,Benton
1436,MS,Bolivar
1437,MS,Calhoun
1438,MS,Carroll
1439,MS,Chickasaw
1440,MS,Choctaw
1441,MS,Claiborne
1442,MS,Clarke
1443,MS,Clay
1444,MS,Coahoma
1445,MS,Copiah
1446,MS,Covington
1447,MS,DeSoto
1448,MS,Forrest
1449,MS,Franklin
1450,MS,George
1451,MS,Greene
1452,MS,Grenada
1453,MS,Hancock
1454,MS,Harrison
1455,MS,Hinds
1456,MS,Holmes
1457,MS,Humphreys
1458,MS,Issaquena
1459,MS,Itawamba
1460,MS,Jackson
1461,MS,Jasper
1462,MS,Jefferson
1463,MS,Jefferson Davis
1464,MS,Jones
1465,MS,Kemper
1466,MS,Lafayette
1467,MS,Lamar
1468,MS,Lauderdale
1469,MS,Lawrence
1470,MS,Leake
1471,MS,Lee
1472,MS,Leflore
1473,MS,Lincoln
1474,MS,Lowndes
1475,MS,Madison
1476,MS,Marion
1477,MS,Marshall
1478,MS,Monroe
1479,MS,Montgomery
1480,MS,Neshoba
1481,MS,Newton
1482,MS,Noxubee
1483,MS,Oktibbeha
1484,MS,Panola
1485,MS,Pearl River
1486,MS,Perry
1487,MS,Pike
1488,MS,Pontotoc
1489,MS,Prentiss
1490,MS,Quitman
1491,MS,Rankin
1492,MS,Scott
1493,MS,Sharkey
1494,MS,Simpson
1495,MS,Smith
1496,MS,Stone
1497,MS,Sunflower
1498,MS,Tallahatchie
1499,MS,Tate
1500,MS,Tippah
1501,MS,Tishomingo
1502,MS,Tunica
1503,MS,Union
1504,MS,Walthall
1505,MS,Warren
1506,MS,Washington
1507,MS,Wayne
1508,MS,Webster
1509,MS,Wilkinson
1510,MS,Winston
1511,MS,Yalobusha
1512,MS,Yazoo
1513,MO,Missouri
1514,MO,Adair
1515,MO,Andrew
1516,MO,Atchison
1517,MO,Audrain
1518,MO,Barry
1519,MO,Barton
1520,MO,Bates
1521,MO,Benton
1522,MO,Bollinger
1523,MO,Boone
1524,MO,Buchanan
1525,MO,Butler
1526,MO,Caldwell
1527,MO,Callaway
1528,MO,Camden
1529,MO,Cape Girardeau
1530,MO,Carroll
1531,MO,Carter
1532,MO,Cass
1533,MO,Cedar
1534,MO,Chariton
1535,MO,Christian
1536,MO,Clark
1537,MO,Clay
1538,MO,Clinton
1539,MO,Cole
1540,MO,Cooper
1541,MO,Crawford
1542,MO,Dade
1543,MO,Dallas
1544,MO,Daviess
1545,MO,DeKalb
1546,MO,Dent
1547,MO,Douglas
1548,MO,Dunklin
1549,MO,Franklin
1550,MO,Gasconade
1551,MO,Gentry
1552,MO,Greene
1553,MO,Grundy
1554,MO,Harrison
1555,MO,Henry
1556,MO,Hickory
1557,MO,Holt
1558,MO,Howard
1559,MO,Howell
1560,MO,Iron
1561,MO,Jackson
1562,MO,Jasper
1563,MO,Jefferson
1564,MO,Johnson
1565,MO,Knox
1566,MO,Laclede
1567,MO,Lafayette
1568,MO,Lawrence
1569,MO,Lewis
1570,MO,Lincoln
1571,MO,Linn
1572,MO,Livingston
1573,MO,McDonald
1574,MO,Macon
1575,MO,Madison
1576,MO,Maries
1577,MO,Marion
1578,MO,Mercer
1579,MO,Miller
1580,MO,Mississippi
1581,MO,Moniteau
1582,MO,Monroe
1583,MO,Montgomery
1584,MO,Morgan
1585,MO,New Madrid
1586,MO,Newton
1587,MO,Nodaway
1588,MO,Oregon
1589,MO,Osage
1590,MO,Ozark
1591,MO,Pemiscot
1592,MO,Perry
1593,MO,Pettis
1594,MO,Phelps
1595,MO,Pike
1596,MO,Platte
1597,MO,Polk
1598,MO,Pulaski
1599,MO,Putnam
1600,MO,Ralls
1601,MO,Randolph
1602,MO,Ray
1603,MO,Reynolds
1604,MO,Ripley
1605,MO,St. Charles
1606,MO,St. Clair
1607,MO,Ste. Genevieve
1608,MO,St. Francois
1609,MO,St. Louis
1610,MO,Saline
1611,MO,Schuyler
1612,MO,Scotland
1613,MO,Scott
1614,MO,Shannon
1615,MO,Shelby
1616,MO,Stoddard
1617,MO,Stone
1618,MO,Sullivan
1619,MO,Taney
1620,MO,Texas
1621,MO,Vernon
1622,MO,Warren
1623,MO,Washington
1624,MO,Wayne
1625,MO,Webster
1626,MO,Worth
1627,MO,Wright
1628,MO,St. Louis
1629,MT,Montana
1630,MT,Beaverhead
1631,MT,Big Horn
1632,MT,Blaine
1633,MT,Broadwater
1634,MT,Carbon
1635,MT,Carter
1636,MT,Cascade
1637,MT,Chouteau
1638,MT,Custer
1639,MT,Daniels
1640,MT,Dawson
1641,MT,Deer Lodge
1642,MT,Fallon
1643,MT,Fergus
1644,MT,Flathead
1645,MT,Gallatin
1646,MT,Garfield
1647,MT,Glacier
1648,MT,Golden Valley
1649,MT,Granite
1650,MT,Hill
1651,MT,Jefferson
1652,MT,Judith Basin
1653,MT,Lake
1654,MT,Lewis and Clark
1655,MT,Liberty
1656,MT,Lincoln
1657,MT,McCone
1658,MT,Madison
1659,MT,Meagher
1660,MT,Mineral
1661,MT,Missoula
1662,MT,Musselshell
1663,MT,Park
1664,MT,Petroleum
1665,MT,Phillips
1666,MT,Pondera
1667,MT,Powder River
1668,MT,Powell
1669,MT,Prairie
1670,MT,Ravalli
1671,MT,Richland
1672,MT,Roosevelt
1673,MT,Rosebud
1674,MT,Sanders
1675,MT,Sheridan
1676,MT,Silver Bow
1677,MT,Stillwater
1678,MT,Sweet Grass
1679,MT,Teton
1680,MT,Toole
1681,MT,Treasure
1682,MT,Valley
1683,MT,Wheatland
1684,MT,Wibaux
1685,MT,Yellowstone
1686,NE,Nebraska
1687,NE,Adams
1688,NE,Antelope
1689,NE,Arthur
1690,NE,Banner
1691,NE,Blaine
1692,NE,Boone
1693,NE,Box Butte
1694,NE,Boyd
1695,NE,Brown
1696,NE,Buffalo
1697,NE,Burt
1698,NE,Butler
1699,NE,Cass
1700,NE,Cedar
1701,NE,Chase
1702,NE,Cherry
1703,NE,Cheyenne
1704,NE,Clay
1705,NE,Colfax
1706,NE,Cuming
1707,NE,Custer
1708,NE,Dakota
1709,NE,Dawes
1710,NE,Dawson
1711,NE,Deuel
1712,NE,Dixon
1713,NE,Dodge
1714,NE,Douglas
1715,NE,Dundy
1716,NE,Fillmore
1717,NE,Franklin
1718,NE,Frontier
1719,NE,Furnas
1720,NE,Gage
1721,NE,Garden
1722,NE,Garfield
1723,NE,Gosper
1724,NE,Grant
1725,NE,Greeley
1726,NE,Hall
1727,NE,Hamilton
1728,NE,Harlan
1729,NE,Hayes
1730,NE,Hitchcock
1731,NE,Holt
1732,NE,Hooker
1733,NE,Howard
1734,NE,Jefferson
1735,NE,Johnson
1736,NE,Kearney
1737,NE,Keith
1738,NE,Keya Paha
1739,NE,Kimball
1740,NE,Knox
1741,NE,Lancaster
1742,NE,Lincoln
1743,NE,Logan
1744,NE,Loup
1745,NE,McPherson
1746,NE,Madison
1747,NE,Merrick
1748,NE,Morrill
1749,NE,Nance
1750,NE,Nemaha
1751,NE,Nuckolls
1752,NE,Otoe
1753,NE,Pawnee
1754,NE,Perkins
1755,NE,Phelps
1756,NE,Pierce
1757,NE,Platte
1758,NE,Polk
1759,NE,Red Willow
1760,NE,Richardson
1761,NE,Rock
1762,NE,Saline
1763,NE,Sarpy
1764,NE,Saunders
1765,NE,Scotts Bluff
1766,NE,Seward
1767,NE,Sheridan
1768,NE,Sherman
1769,NE,Sioux
1770,NE,Stanton
1771,NE,Thayer
1772,NE,Thomas
1773,NE,Thurston
1774,NE,Valley
1775,NE,Washington
1776,NE,Wayne
1777,NE,Webster
1778,NE,Wheeler
1779,NE,York
1780,NV,Nevada
1781,NV,Churchill
1782,NV,Clark
1783,NV,Douglas
1784,NV,Elko
1785,NV,Esmeralda
1786,NV,Eureka
1787,NV,Humboldt
1788,NV,Lander
1789,NV,Lincoln
1790,NV,Lyon
1791,NV,Mineral
1792,NV,Nye
1793,NV,Pershing
1794,NV,Storey
1795,NV,Washoe
1796,NV,White Pine
1797,NV,Carson
1798,NH,New Hampshire
1799,NH,Belknap
1800,NH,Carroll
1801,NH,Cheshire
1802,NH,Coos
1803,NH,Grafton
1804,NH,Hillsborough
1805,NH,Merrimack
1806,NH,Rockingham
1807,NH,Strafford
1808,NH,Sullivan
1809,NJ,New Jersey
1810,NJ,Atlantic
1811,NJ,Bergen
1812,NJ,Burlington
1813,NJ,Camden
1814,NJ,Cape May
1815,NJ,Cumberland
1816,NJ,Essex
1817,NJ,Gloucester
1818,NJ,Hudson
1819,NJ,Hunterdon
1820,NJ,Mercer
1821,NJ,Middlesex
1822,NJ,Monmouth
1823,NJ,Morris
1824,NJ,Ocean
1825,NJ,Passaic
1826,NJ,Salem
1827,NJ,Somerset
1828,NJ,Sussex
1829,NJ,Union
1830,NJ,Warren
1831,NM,New Mexico
1832,NM,Bernalillo
1833,NM,Catron
1834,NM,Chaves
1835,NM,Cibola
1836,NM,Colfax
1837,NM,Curry
1838,NM,De Baca
1839,NM,Do√±a Ana
1840,NM,Eddy
1841,NM,Grant
1842,NM,Guadalupe
1843,NM,Harding
1844,NM,Hidalgo
1845,NM,Lea
1846,NM,Lincoln
1847,NM,Los Alamos
1848,NM,Luna
1849,NM,McKinley
1850,NM,Mora
1851,NM,Otero
1852,NM,Quay
1853,NM,Rio Arriba
1854,NM,Roosevelt
1855,NM,Sandoval
1856,NM,San Juan
1857,NM,San Miguel
1858,NM,Santa Fe
1859,NM,Sierra
1860,NM,Socorro
1861,NM,Taos
1862,NM,Torrance
1863,NM,Union
1864,NM,Valencia
1865,NY,New York
1866,NY,Albany
1867,NY,Allegany
1868,NY,Bronx
1869,NY,Broome
1870,NY,Cattaraugus
1871,NY,Cayuga
1872,NY,Chautauqua
1873,NY,Chemung
1874,NY,Chenango
1875,NY,Clinton
1876,NY,Columbia
1877,NY,Cortland
1878,NY,Delaware
1879,NY,Dutchess
1880,NY,Erie
1881,NY,Essex
1882,NY,Franklin
1883,NY,Fulton
1884,NY,Genesee
1885,NY,Greene
1886,NY,Hamilton
1887,NY,Herkimer
1888,NY,Jefferson
1889,NY,Kings
1890,NY,Lewis
1891,NY,Livingston
1892,NY,Madison
1893,NY,Monroe
1894,NY,Montgomery
1895,NY,Nassau
1896,NY,New York
1897,NY,Niagara
1898,NY,Oneida
1899,NY,Onondaga
1900,NY,Ontario
1901,NY,Orange
1902,NY,Orleans
1903,NY,Oswego
1904,NY,Otsego
1905,NY,Putnam
1906,NY,Queens
1907,NY,Rensselaer
1908,NY,Richmond
1909,NY,Rockland
1910,NY,St. Lawrence
1911,NY,Saratoga
1912,NY,Schenectady
1913,NY,Schoharie
1914,NY,Schuyler
1915,NY,Seneca
1916,NY,Steuben
1917,NY,Suffolk
1918,NY,Sullivan
1919,NY,Tioga
1920,NY,Tompkins
1921,NY,Ulster
1922,NY,Warren
1923,NY,Washington
1924,NY,Wayne
1925,NY,Westchester
1926,NY,Wyoming
1927,NY,Yates
1928,NC,North Carolina
1929,NC,Alamance
1930,NC,Alexander
1931,NC,Alleghany
1932,NC,Anson
1933,NC,Ashe
1934,NC,Avery
1935,NC,Beaufort
1936,NC,Bertie
1937,NC,Bladen
1938,NC,Brunswick
1939,NC,Buncombe
1940,NC,Burke
1941,NC,Cabarrus
1942,NC,Caldwell
1943,NC,Camden
1944,NC,Carteret
1945,NC,Caswell
1946,NC,Catawba
1947,NC,Chatham
1948,NC,Cherokee
1949,NC,Chowan
1950,NC,Clay
1951,NC,Cleveland
1952,NC,Columbus
1953,NC,Craven
1954,NC,Cumberland
1955,NC,Currituck
1956,NC,Dare
1957,NC,Davidson
1958,NC,Davie
1959,NC,Duplin
1960,NC,Durham
1961,NC,Edgecombe
1962,NC,Forsyth
1963,NC,Franklin
1964,NC,Gaston
1965,NC,Gates
1966,NC,Graham
1967,NC,Granville
1968,NC,Greene
1969,NC,Guilford
1970,NC,Halifax
1971,NC,Harnett
1972,NC,Haywood
1973,NC,Henderson
1974,NC,Hertford
1975,NC,Hoke
1976,NC,Hyde
1977,NC,Iredell
1978,NC,Jackson
1979,NC,Johnston
1980,NC,Jones
1981,NC,Lee
1982,NC,Lenoir
1983,NC,Lincoln
1984,NC,McDowell
1985,NC,Macon
1986,NC,Madison
1987,NC,Martin
1988,NC,Mecklenburg
1989,NC,Mitchell
1990,NC,Montgomery
1991,NC,Moore
1992,NC,Nash
1993,NC,New Hanover
1994,NC,Northampton
1995,NC,Onslow
1996,NC,Orange
1997,NC,Pamlico
1998,NC,Pasquotank
1999,NC,Pender
2000,NC,Perquimans
2001,NC,Person
2002,NC,Pitt
2003,NC,Polk
2004,NC,Randolph
2005,NC,Richmond
2006,NC,Robeson
2007,NC,Rockingham
2008,NC,Rowan
2009,NC,Rutherford
2010,NC,Sampson
2011,NC,Scotland
2012,NC,Stanly
2013,NC,Stokes
2014,NC,Surry
2015,NC,Swain
2016,NC,Transylvania
2017,NC,Tyrrell
2018,NC,Union
2019,NC,Vance
2020,NC,Wake
2021,NC,Warren
2022,NC,Washington
2023,NC,Watauga
2024,NC,Wayne
2025,NC,Wilkes
2026,NC,Wilson
2027,NC,Yadkin
2028,NC,Yancey
2029,ND,North Dakota
2030,ND,Adams
2031,ND,Barnes
2032,ND,Benson
2033,ND,Billings
2034,ND,Bottineau
2035,ND,Bowman
2036,ND,Burke
2037,ND,Burleigh
2038,ND,Cass
2039,ND,Cavalier
2040,ND,Dickey
2041,ND,Divide
2042,ND,Dunn
2043,ND,Eddy
2044,ND,Emmons
2045,ND,Foster
2046,ND,Golden Valley
2047,ND,Grand Forks
2048,ND,Grant
2049,ND,Griggs
2050,ND,Hettinger
2051,ND,Kidder
2052,ND,LaMoure
2053,ND,Logan
2054,ND,McHenry
2055,ND,McIntosh
2056,ND,McKenzie
2057,ND,McLean
2058,ND,Mercer
2059,ND,Morton
2060,ND,Mountrail
2061,ND,Nelson
2062,ND,Oliver
2063,ND,Pembina
2064,ND,Pierce
2065,ND,Ramsey
2066,ND,Ransom
2067,ND,Renville
2068,ND,Richland
2069,ND,Rolette
2070,ND,Sargent
2071,ND,Sheridan
2072,ND,Sioux
2073,ND,Slope
2074,ND,Stark
2075,ND,Steele
2076,ND,Stutsman
2077,ND,Towner
2078,ND,Traill
2079,ND,Walsh
2080,ND,Ward
2081,ND,Wells
2082,ND,Williams
2083,OH,Ohio
2084,OH,Adams
2085,OH,Allen
2086,OH,Ashland
2087,OH,Ashtabula
2088,OH,Athens
2089,OH,Auglaize
2090,OH,Belmont
2091,OH,Brown
2092,OH,Butler
2093,OH,Carroll
2094,OH,Champaign
2095,OH,Clark
2096,OH,Clermont
2097,OH,Clinton
2098,OH,Columbiana
2099,OH,Coshocton
2100,OH,Crawford
2101,OH,Cuyahoga
2102,OH,Darke
2103,OH,Defiance
2104,OH,Delaware
2105,OH,Erie
2106,OH,Fairfield
2107,OH,Fayette
2108,OH,Franklin
2109,OH,Fulton
2110,OH,Gallia
2111,OH,Geauga
2112,OH,Greene
2113,OH,Guernsey
2114,OH,Hamilton
2115,OH,Hancock
2116,OH,Hardin
2117,OH,Harrison
2118,OH,Henry
2119,OH,Highland
2120,OH,Hocking
2121,OH,Holmes
2122,OH,Huron
2123,OH,Jackson
2124,OH,Jefferson
2125,OH,Knox
2126,OH,Lake
2127,OH,Lawrence
2128,OH,Licking
2129,OH,Logan
2130,OH,Lorain
2131,OH,Lucas
2132,OH,Madison
2133,OH,Mahoning
2134,OH,Marion
2135,OH,Medina
2136,OH,Meigs
2137,OH,Mercer
2138,OH,Miami
2139,OH,Monroe
2140,OH,Montgomery
2141,OH,Morgan
2142,OH,Morrow
2143,OH,Muskingum
2144,OH,Noble
2145,OH,Ottawa
2146,OH,Paulding
2147,OH,Perry
2148,OH,Pickaway
2149,OH,Pike
2150,OH,Portage
2151,OH,Preble
2152,OH,Putnam
2153,OH,Richland
2154,OH,Ross
2155,OH,Sandusky
2156,OH,Scioto
2157,OH,Seneca
2158,OH,Shelby
2159,OH,Stark
2160,OH,Summit
2161,OH,Trumbull
2162,OH,Tuscarawas
2163,OH,Union
2164,OH,Van Wert
2165,OH,Vinton
2166,OH,Warren
2167,OH,Washington
2168,OH,Wayne
2169,OH,Williams
2170,OH,Wood
2171,OH,Wyandot
2172,OK,Oklahoma
2173,OK,Adair
2174,OK,Alfalfa
2175,OK,Atoka
2176,OK,Beaver
2177,OK,Beckham
2178,OK,Blaine
2179,OK,Bryan
2180,OK,Caddo
2181,OK,Canadian
2182,OK,Carter
2183,OK,Cherokee
2184,OK,Choctaw
2185,OK,Cimarron
2186,OK,Cleveland
2187,OK,Coal
2188,OK,Comanche
2189,OK,Cotton
2190,OK,Craig
2191,OK,Creek
2192,OK,Custer
2193,OK,Delaware
2194,OK,Dewey
2195,OK,Ellis
2196,OK,Garfield
2197,OK,Garvin
2198,OK,Grady
2199,OK,Grant
2200,OK,Greer
2201,OK,Harmon
2202,OK,Harper
2203,OK,Haskell
2204,OK,Hughes
2205,OK,Jackson
2206,OK,Jefferson
2207,OK,Johnston
2208,OK,Kay
2209,OK,Kingfisher
2210,OK,Kiowa
2211,OK,Latimer
2212,OK,Le Flore
2213,OK,Lincoln
2214,OK,Logan
2215,OK,Love
2216,OK,McClain
2217,OK,McCurtain
2218,OK,McIntosh
2219,OK,Major
2220,OK,Marshall
2221,OK,Mayes
2222,OK,Murray
2223,OK,Muskogee
2224,OK,Noble
2225,OK,Nowata
2226,OK,Okfuskee
2227,OK,Oklahoma
2228,OK,Okmulgee
2229,OK,Osage
2230,OK,Ottawa
2231,OK,Pawnee
2232,OK,Payne
2233,OK,Pittsburg
2234,OK,Pontotoc
2235,OK,Pottawatomie
2236,OK,Pushmataha
2237,OK,Roger Mills
2238,OK,Rogers
2239,OK,Seminole
2240,OK,Sequoyah
2241,OK,Stephens
2242,OK,Texas
2243,OK,Tillman
2244,OK,Tulsa
2245,OK,Wagoner
2246,OK,Washington
2247,OK,Washita
2248,OK,Woods
2249,OK,Woodward
2250,OR,Oregon
2251,OR,Baker
2252,OR,Benton
2253,OR,Clackamas
2254,OR,Clatsop
2255,OR,Columbia
2256,OR,Coos
2257,OR,Crook
2258,OR,Curry
2259,OR,Deschutes
2260,OR,Douglas
2261,OR,Gilliam
2262,OR,Grant
2263,OR,Harney
2264,OR,Hood River
2265,OR,Jackson
2266,OR,Jefferson
2267,OR,Josephine
2268,OR,Klamath
2269,OR,Lake
2270,OR,Lane
2271,OR,Lincoln
2272,OR,Linn
2273,OR,Malheur
2274,OR,Marion
2275,OR,Morrow
2276,OR,Multnomah
2277,OR,Polk
2278,OR,Sherman
2279,OR,Tillamook
2280,OR,Umatilla
2281,OR,Union
2282,OR,Wallowa
2283,OR,Wasco
2284,OR,Washington
2285,OR,Wheeler
2286,OR,Yamhill
2287,PA,Pennsylvania
2288,PA,Adams
2289,PA,Allegheny
2290,PA,Armstrong
2291,PA,Beaver
2292,PA,Bedford
2293,PA,Berks
2294,PA,Blair
2295,PA,Bradford
2296,PA,Bucks
2297,PA,Butler
2298,PA,Cambria
2299,PA,Cameron
2300,PA,Carbon
2301,PA,Centre
2302,PA,Chester
2303,PA,Clarion
2304,PA,Clearfield
2305,PA,Clinton
2306,PA,Columbia
2307,PA,Crawford
2308,PA,Cumberland
2309,PA,Dauphin
2310,PA,Delaware
2311,PA,Elk
2312,PA,Erie
2313,PA,Fayette
2314,PA,Forest
2315,PA,Franklin
2316,PA,Fulton
2317,PA,Greene
2318,PA,Huntingdon
2319,PA,Indiana
2320,PA,Jefferson
2321,PA,Juniata
2322,PA,Lackawanna
2323,PA,Lancaster
2324,PA,Lawrence
2325,PA,Lebanon
2326,PA,Lehigh
2327,PA,Luzerne
2328,PA,Lycoming
2329,PA,McKean
2330,PA,Mercer
2331,PA,Mifflin
2332,PA,Monroe
2333,PA,Montgomery
2334,PA,Montour
2335,PA,Northampton
2336,PA,Northumberland
2337,PA,Perry
2338,PA,Philadelphia
2339,PA,Pike
2340,PA,Potter
2341,PA,Schuylkill
2342,PA,Snyder
2343,PA,Somerset
2344,PA,Sullivan
2345,PA,Susquehanna
2346,PA,Tioga
2347,PA,Union
2348,PA,Venango
2349,PA,Warren
2350,PA,Washington
2351,PA,Wayne
2352,PA,Westmoreland
2353,PA,Wyoming
2354,PA,York
2355,RI,Rhode Island
2356,RI,Bristol
2357,RI,Kent
2358,RI,Newport
2359,RI,Providence
2360,RI,Washington
2361,SC,South Carolina
2362,SC,Abbeville
2363,SC,Aiken
2364,SC,Allendale
2365,SC,Anderson
2366,SC,Bamberg
2367,SC,Barnwell
2368,SC,Beaufort
2369,SC,Berkeley
2370,SC,Calhoun
2371,SC,Charleston
2372,SC,Cherokee
2373,SC,Chester
2374,SC,Chesterfield
2375,SC,Clarendon
2376,SC,Colleton
2377,SC,Darlington
2378,SC,Dillon
2379,SC,Dorchester
2380,SC,Edgefield
2381,SC,Fairfield
2382,SC,Florence
2383,SC,Georgetown
2384,SC,Greenville
2385,SC,Greenwood
2386,SC,Hampton
2387,SC,Horry
2388,SC,Jasper
2389,SC,Kershaw
2390,SC,Lancaster
2391,SC,Laurens
2392,SC,Lee
2393,SC,Lexington
2394,SC,McCormick
2395,SC,Marion
2396,SC,Marlboro
2397,SC,Newberry
2398,SC,Oconee
2399,SC,Orangeburg
2400,SC,Pickens
2401,SC,Richland
2402,SC,Saluda
2403,SC,Spartanburg
2404,SC,Sumter
2405,SC,Union
2406,SC,Williamsburg
2407,SC,York
2408,SD,South Dakota
2409,SD,Aurora
2410,SD,Beadle
2411,SD,Bennett
2412,SD,Bon Homme
2413,SD,Brookings
2414,SD,Brown
2415,SD,Brule
2416,SD,Buffalo
2417,SD,Butte
2418,SD,Campbell
2419,SD,Charles Mix
2420,SD,Clark
2421,SD,Clay
2422,SD,Codington
2423,SD,Corson
2424,SD,Custer
2425,SD,Davison
2426,SD,Day
2427,SD,Deuel
2428,SD,Dewey
2429,SD,Douglas
2430,SD,Edmunds
2431,SD,Fall River
2432,SD,Faulk
2433,SD,Grant
2434,SD,Gregory
2435,SD,Haakon
2436,SD,Hamlin
2437,SD,Hand
2438,SD,Hanson
2439,SD,Harding
2440,SD,Hughes
2441,SD,Hutchinson
2442,SD,Hyde
2443,SD,Jackson
2444,SD,Jerauld
2445,SD,Jones
2446,SD,Kingsbury
2447,SD,Lake
2448,SD,Lawrence
2449,SD,Lincoln
2450,SD,Lyman
2451,SD,McCook
2452,SD,McPherson
2453,SD,Marshall
2454,SD,Meade
2455,SD,Mellette
2456,SD,Miner
2457,SD,Minnehaha
2458,SD,Moody
2459,SD,Oglala Lakota
2460,SD,Pennington
2461,SD,Perkins
2462,SD,Potter
2463,SD,Roberts
2464,SD,Sanborn
2465,SD,Spink
2466,SD,Stanley
2467,SD,Sully
2468,SD,Todd
2469,SD,Tripp
2470,SD,Turner
2471,SD,Union
2472,SD,Walworth
2473,SD,Yankton
2474,SD,Ziebach
2475,TN,Tennessee
2476,TN,Anderson
2477,TN,Bedford
2478,TN,Benton
2479,TN,Bledsoe
2480,TN,Blount
2481,TN,Bradley
2482,TN,Campbell
2483,TN,Cannon
2484,TN,Carroll
2485,TN,Carter
2486,TN,Cheatham
2487,TN,Chester
2488,TN,Claiborne
2489,TN,Clay
2490,TN,Cocke
2491,TN,Coffee
2492,TN,Crockett
2493,TN,Cumberland
2494,TN,Davidson
2495,TN,Decatur
2496,TN,DeKalb
2497,TN,Dickson
2498,TN,Dyer
2499,TN,Fayette
2500,TN,Fentress
2501,TN,Franklin
2502,TN,Gibson
2503,TN,Giles
2504,TN,Grainger
2505,TN,Greene
2506,TN,Grundy
2507,TN,Hamblen
2508,TN,Hamilton
2509,TN,Hancock
2510,TN,Hardeman
2511,TN,Hardin
2512,TN,Hawkins
2513,TN,Haywood
2514,TN,Henderson
2515,TN,Henry
2516,TN,Hickman
2517,TN,Houston
2518,TN,Humphreys
2519,TN,Jackson
2520,TN,Jefferson
2521,TN,Johnson
2522,TN,Knox
2523,TN,Lake
2524,TN,Lauderdale
2525,TN,Lawrence
2526,TN,Lewis
2527,TN,Lincoln
2528,TN,Loudon
2529,TN,McMinn
2530,TN,McNairy
2531,TN,Macon
2532,TN,Madison
2533,TN,Marion
2534,TN,Marshall
2535,TN,Maury
2536,TN,Meigs
2537,TN,Monroe
2538,TN,Montgomery
2539,TN,Moore
2540,TN,Morgan
2541,TN,Obion
2542,TN,Overton
2543,TN,Perry
2544,TN,Pickett
2545,TN,Polk
2546,TN,Putnam
2547,TN,Rhea
2548,TN,Roane
2549,TN,Robertson
2550,TN,Rutherford
2551,TN,Scott
2552,TN,Sequatchie
2553,TN,Sevier
2554,TN,Shelby
2555,TN,Smith
2556,TN,Stewart
2557,TN,Sullivan
2558,TN,Sumner
2559,TN,Tipton
2560,TN,Trousdale
2561,TN,Unicoi
2562,TN,Union
2563,TN,Van Buren
2564,TN,Warren
2565,TN,Washington
2566,TN,Wayne
2567,TN,Weakley
2568,TN,White
2569,TN,Williamson
2570,TN,Wilson
2571,TX,Texas
2572,TX,Anderson
2573,TX,Andrews
2574,TX,Angelina
2575,TX,Aransas
2576,TX,Archer
2577,TX,Armstrong
2578,TX,Atascosa
2579,TX,Austin
2580,TX,Bailey
2581,TX,Bandera
2582,TX,Bastrop
2583,TX,Baylor
2584,TX,Bee
2585,TX,Bell
2586,TX,Bexar
2587,TX,Blanco
2588,TX,Borden
2589,TX,Bosque
2590,TX,Bowie
2591,TX,Brazoria
2592,TX,Brazos
2593,TX,Brewster
2594,TX,Briscoe
2595,TX,Brooks
2596,TX,Brown
2597,TX,Burleson
2598,TX,Burnet
2599,TX,Caldwell
2600,TX,Calhoun
2601,TX,Callahan
2602,TX,Cameron
2603,TX,Camp
2604,TX,Carson
2605,TX,Cass
2606,TX,Castro
2607,TX,Chambers
2608,TX,Cherokee
2609,TX,Childress
2610,TX,Clay
2611,TX,Cochran
2612,TX,Coke
2613,TX,Coleman
2614,TX,Collin
2615,TX,Collingsworth
2616,TX,Colorado
2617,TX,Comal
2618,TX,Comanche
2619,TX,Concho
2620,TX,Cooke
2621,TX,Coryell
2622,TX,Cottle
2623,TX,Crane
2624,TX,Crockett
2625,TX,Crosby
2626,TX,Culberson
2627,TX,Dallam
2628,TX,Dallas
2629,TX,Dawson
2630,TX,Deaf Smith
2631,TX,Delta
2632,TX,Denton
2633,TX,DeWitt
2634,TX,Dickens
2635,TX,Dimmit
2636,TX,Donley
2637,TX,Duval
2638,TX,Eastland
2639,TX,Ector
2640,TX,Edwards
2641,TX,Ellis
2642,TX,El Paso
2643,TX,Erath
2644,TX,Falls
2645,TX,Fannin
2646,TX,Fayette
2647,TX,Fisher
2648,TX,Floyd
2649,TX,Foard
2650,TX,Fort Bend
2651,TX,Franklin
2652,TX,Freestone
2653,TX,Frio
2654,TX,Gaines
2655,TX,Galveston
2656,TX,Garza
2657,TX,Gillespie
2658,TX,Glasscock
2659,TX,Goliad
2660,TX,Gonzales
2661,TX,Gray
2662,TX,Grayson
2663,TX,Gregg
2664,TX,Grimes
2665,TX,Guadalupe
2666,TX,Hale
2667,TX,Hall
2668,TX,Hamilton
2669,TX,Hansford
2670,TX,Hardeman
2671,TX,Hardin
2672,TX,Harris
2673,TX,Harrison
2674,TX,Hartley
2675,TX,Haskell
2676,TX,Hays
2677,TX,Hemphill
2678,TX,Henderson
2679,TX,Hidalgo
2680,TX,Hill
2681,TX,Hockley
2682,TX,Hood
2683,TX,Hopkins
2684,TX,Houston
2685,TX,Howard
2686,TX,Hudspeth
2687,TX,Hunt
2688,TX,Hutchinson
2689,TX,Irion
2690,TX,Jack
2691,TX,Jackson
2692,TX,Jasper
2693,TX,Jeff Davis
2694,TX,Jefferson
2695,TX,Jim Hogg
2696,TX,Jim Wells
2697,TX,Johnson
2698,TX,Jones
2699,TX,Karnes
2700,TX,Kaufman
2701,TX,Kendall
2702,TX,Kenedy
2703,TX,Kent
2704,TX,Kerr
2705,TX,Kimble
2706,TX,King
2707,TX,Kinney
2708,TX,Kleberg
2709,TX,Knox
2710,TX,Lamar
2711,TX,Lamb
2712,TX,Lampasas
2713,TX,La Salle
2714,TX,Lavaca
2715,TX,Lee
2716,TX,Leon
2717,TX,Liberty
2718,TX,Limestone
2719,TX,Lipscomb
2720,TX,Live Oak
2721,TX,Llano
2722,TX,Loving
2723,TX,Lubbock
2724,TX,Lynn
2725,TX,McCulloch
2726,TX,McLennan
2727,TX,McMullen
2728,TX,Madison
2729,TX,Marion
2730,TX,Martin
2731,TX,Mason
2732,TX,Matagorda
2733,TX,Maverick
2734,TX,Medina
2735,TX,Menard
2736,TX,Midland
2737,TX,Milam
2738,TX,Mills
2739,TX,Mitchell
2740,TX,Montague
2741,TX,Montgomery
2742,TX,Moore
2743,TX,Morris
2744,TX,Motley
2745,TX,Nacogdoches
2746,TX,Navarro
2747,TX,Newton
2748,TX,Nolan
2749,TX,Nueces
2750,TX,Ochiltree
2751,TX,Oldham
2752,TX,Orange
2753,TX,Palo Pinto
2754,TX,Panola
2755,TX,Parker
2756,TX,Parmer
2757,TX,Pecos
2758,TX,Polk
2759,TX,Potter
2760,TX,Presidio
2761,TX,Rains
2762,TX,Randall
2763,TX,Reagan
2764,TX,Real
2765,TX,Red River
2766,TX,Reeves
2767,TX,Refugio
2768,TX,Roberts
2769,TX,Robertson
2770,TX,Rockwall
2771,TX,Runnels
2772,TX,Rusk
2773,TX,Sabine
2774,TX,San Augustine
2775,TX,San Jacinto
2776,TX,San Patricio
2777,TX,San Saba
2778,TX,Schleicher
2779,TX,Scurry
2780,TX,Shackelford
2781,TX,Shelby
2782,TX,Sherman
2783,TX,Smith
2784,TX,Somervell
2785,TX,Starr
2786,TX,Stephens
2787,TX,Sterling
2788,TX,Stonewall
2789,TX,Sutton
2790,TX,Swisher
2791,TX,Tarrant
2792,TX,Taylor
2793,TX,Terrell
2794,TX,Terry
2795,TX,Throckmorton
2796,TX,Titus
2797,TX,Tom Green
2798,TX,Travis
2799,TX,Trinity
2800,TX,Tyler
2801,TX,Upshur
2802,TX,Upton
2803,TX,Uvalde
2804,TX,Val Verde
2805,TX,Van Zandt
2806,TX,Victoria
2807,TX,Walker
2808,TX,Waller
2809,TX,Ward
2810,TX,Washington
2811,TX,Webb
2812,TX,Wharton
2813,TX,Wheeler
2814,TX,Wichita
2815,TX,Wilbarger
2816,TX,Willacy
2817,TX,Williamson
2818,TX,Wilson
2819,TX,Winkler
2820,TX,Wise
2821,TX,Wood
2822,TX,Yoakum
2823,TX,Young
2824,TX,Zapata
2825,TX,Zavala
2826,UT,Utah
2827,UT,Beaver
2828,UT,Box Elder
2829,UT,Cache
2830,UT,Carbon
2831,UT,Daggett
2832,UT,Davis
2833,UT,Duchesne
2834,UT,Emery
2835,UT,Garfield
2836,UT,Grand
2837,UT,Iron
2838,UT,Juab
2839,UT,Kane
2840,UT,Millard
2841,UT,Morgan
2842,UT,Piute
2843,UT,Rich
2844,UT,Salt Lake
2845,UT,San Juan
2846,UT,Sanpete
2847,UT,Sevier
2848,UT,Summit
2849,UT,Tooele
2850,UT,Uintah
2851,UT,Utah
2852,UT,Wasatch
2853,UT,Washington
2854,UT,Wayne
2855,UT,Weber
2856,VT,Vermont
2857,VT,Addison
2858,VT,Bennington
2859,VT,Caledonia
2860,VT,Chittenden
2861,VT,Essex
2862,VT,Franklin
2863,VT,Grand Isle
2864,VT,Lamoille
2865,VT,Orange
2866,VT,Orleans
2867,VT,Rutland
2868,VT,Washington
2869,VT,Windham
2870,VT,Windsor
2871,VA,Virginia
2872,VA,Accomack
2873,VA,Albemarle
2874,VA,Alleghany
2875,VA,Amelia
2876,VA,Amherst
2877,VA,Appomattox
2878,VA,Arlington
2879,VA,Augusta
2880,VA,Bath
2881,VA,Bedford
2882,VA,Bland
2883,VA,Botetourt
2884,VA,Brunswick
2885,VA,Buchanan
2886,VA,Buckingham
2887,VA,Campbell
2888,VA,Caroline
2889,VA,Carroll
2890,VA,Charles City
2891,VA,Charlotte
2892,VA,Chesterfield
2893,VA,Clarke
2894,VA,Craig
2895,VA,Culpeper
2896,VA,Cumberland
2897,VA,Dickenson
2898,VA,Dinwiddie
2899,VA,Essex
2900,VA,Fairfax
2901,VA,Fauquier
2902,VA,Floyd
2903,VA,Fluvanna
2904,VA,Franklin
2905,VA,Frederick
2906,VA,Giles
2907,VA,Gloucester
2908,VA,Goochland
2909,VA,Grayson
2910,VA,Greene
2911,VA,Greensville
2912,VA,Halifax
2913,VA,Hanover
2914,VA,Henrico
2915,VA,Henry
2916,VA,Highland
2917,VA,Isle of Wight
2918,VA,James City
2919,VA,King and Queen
2920,VA,King George
2921,VA,King William
2922,VA,Lancaster
2923,VA,Lee
2924,VA,Loudoun
2925,VA,Louisa
2926,VA,Lunenburg
2927,VA,Madison
2928,VA,Mathews
2929,VA,Mecklenburg
2930,VA,Middlesex
2931,VA,Montgomery
2932,VA,Nelson
2933,VA,New Kent
2934,VA,Northampton
2935,VA,Northumberland
2936,VA,Nottoway
2937,VA,Orange
2938,VA,Page
2939,VA,Patrick
2940,VA,Pittsylvania
2941,VA,Powhatan
2942,VA,Prince Edward
2943,VA,Prince George
2944,VA,Prince William
2945,VA,Pulaski
2946,VA,Rappahannock
2947,VA,Richmond
2948,VA,Roanoke
2949,VA,Rockbridge
2950,VA,Rockingham
2951,VA,Russell
2952,VA,Scott
2953,VA,Shenandoah
2954,VA,Smyth
2955,VA,Southampton
2956,VA,Spotsylvania
2957,VA,Stafford
2958,VA,Surry
2959,VA,Sussex
2960,VA,Tazewell
2961,VA,Warren
2962,VA,Washington
2963,VA,Westmoreland
2964,VA,Wise
2965,VA,Wythe
2966,VA,York
2967,VA,Alexandria
2968,VA,Bedford
2969,VA,Bristol
2970,VA,Buena Vista
2971,VA,Charlottesville
2972,VA,Chesapeake
2973,VA,Colonial Heights
2974,VA,Covington
2975,VA,Danville
2976,VA,Emporia
2977,VA,Fairfax
2978,VA,Falls Church
2979,VA,Franklin
2980,VA,Fredericksburg
2981,VA,Galax
2982,VA,Hampton
2983,VA,Harrisonburg
2984,VA,Hopewell
2985,VA,Lexington
2986,VA,Lynchburg
2987,VA,Manassas
2988,VA,Manassas Park
2989,VA,Martinsville
2990,VA,Newport News
2991,VA,Norfolk
2992,VA,Norton
2993,VA,Petersburg
2994,VA,Poquoson
2995,VA,Portsmouth
2996,VA,Radford
2997,VA,Richmond
2998,VA,Roanoke
2999,VA,Salem
3000,VA,Staunton
3001,VA,Suffolk
3002,VA,Virginia Beach
3003,VA,Waynesboro
3004,VA,Williamsburg
3005,VA,Winchester
3006,WA,Washington
3007,WA,Adams
3008,WA,Asotin
3009,WA,Benton
3010,WA,Chelan
3011,WA,Clallam
3012,WA,Clark
3013,WA,Columbia
3014,WA,Cowlitz
3015,WA,Douglas
3016,WA,Ferry
3017,WA,Franklin
3018,WA,Garfield
3019,WA,Grant
3020,WA,Grays Harbor
3021,WA,Island
3022,WA,Jefferson
3023,WA,King
3024,WA,Kitsap
3025,WA,Kittitas
3026,WA,Klickitat
3027,WA,Lewis
3028,WA,Lincoln
3029,WA,Mason
3030,WA,Okanogan
3031,WA,Pacific
3032,WA,Pend Oreille
3033,WA,Pierce
3034,WA,San Juan
3035,WA,Skagit
3036,WA,Skamania
3037,WA,Snohomish
3038,WA,Spokane
3039,WA,Stevens
3040,WA,Thurston
3041,WA,Wahkiakum
3042,WA,Walla Walla
3043,WA,Whatcom
3044,WA,Whitman
3045,WA,Yakima
3046,WV,West Virginia
3047,WV,Barbour
3048,WV,Berkeley
3049,WV,Boone
3050,WV,Braxton
3051,WV,Brooke
3052,WV,Cabell
3053,WV,Calhoun
3054,WV,Clay
3055,WV,Doddridge
3056,WV,Fayette
3057,WV,Gilmer
3058,WV,Grant
3059,WV,Greenbrier
3060,WV,Hampshire
3061,WV,Hancock
3062,WV,Hardy
3063,WV,Harrison
3064,WV,Jackson
3065,WV,Jefferson
3066,WV,Kanawha
3067,WV,Lewis
3068,WV,Lincoln
3069,WV,Logan
3070,WV,McDowell
3071,WV,Marion
3072,WV,Marshall
3073,WV,Mason
3074,WV,Mercer
3075,WV,Mineral
3076,WV,Mingo
3077,WV,Monongalia
3078,WV,Monroe
3079,WV,Morgan
3080,WV,Nicholas
3081,WV,Ohio
3082,WV,Pendleton
3083,WV,Pleasants
3084,WV,Pocahontas
3085,WV,Preston
3086,WV,Putnam
3087,WV,Raleigh
3088,WV,Randolph
3089,WV,Ritchie
3090,WV,Roane
3091,WV,Summers
3092,WV,Taylor
3093,WV,Tucker
3094,WV,Tyler
3095,WV,Upshur
3096,WV,Wayne
3097,WV,Webster
3098,WV,Wetzel
3099,WV,Wirt
3100,WV,Wood
3101,WV,Wyoming
3102,WI,Wisconsin
3103,WI,Adams
3104,WI,Ashland
3105,WI,Barron
3106,WI,Bayfield
3107,WI,Brown
3108,WI,Buffalo
3109,WI,Burnett
3110,WI,Calumet
3111,WI,Chippewa
3112,WI,Clark
3113,WI,Columbia
3114,WI,Crawford
3115,WI,Dane
3116,WI,Dodge
3117,WI,Door
3118,WI,Douglas
3119,WI,Dunn
3120,WI,Eau Claire
3121,WI,Florence
3122,WI,Fond du Lac
3123,WI,Forest
3124,WI,Grant
3125,WI,Green
3126,WI,Green Lake
3127,WI,Iowa
3128,WI,Iron
3129,WI,Jackson
3130,WI,Jefferson
3131,WI,Juneau
3132,WI,Kenosha
3133,WI,Kewaunee
3134,WI,La Crosse
3135,WI,Lafayette
3136,WI,Langlade
3137,WI,Lincoln
3138,WI,Manitowoc
3139,WI,Marathon
3140,WI,Marinette
3141,WI,Marquette
3142,WI,Menominee
3143,WI,Milwaukee
3144,WI,Monroe
3145,WI,Oconto
3146,WI,Oneida
3147,WI,Outagamie
3148,WI,Ozaukee
3149,WI,Pepin
3150,WI,Pierce
3151,WI,Polk
3152,WI,Portage
3153,WI,Price
3154,WI,Racine
3155,WI,Richland
3156,WI,Rock
3157,WI,Rusk
3158,WI,St. Croix
3159,WI,Sauk
3160,WI,Sawyer
3161,WI,Shawano
3162,WI,Sheboygan
3163,WI,Taylor
3164,WI,Trempealeau
3165,WI,Vernon
3166,WI,Vilas
3167,WI,Walworth
3168,WI,Washburn
3169,WI,Washington
3170,WI,Waukesha
3171,WI,Waupaca
3172,WI,Waushara
3173,WI,Winnebago
3174,WI,Wood
3175,WY,Wyoming
3176,WY,Albany
3177,WY,Big Horn
3178,WY,Campbell
3179,WY,Carbon
3180,WY,Converse
3181,WY,Crook
3182,WY,Fremont
3183,WY,Goshen
3184,WY,Hot Springs
3185,WY,Johnson
3186,WY,Laramie
3187,WY,Lincoln
3188,WY,Natrona
3189,WY,Niobrara
3190,WY,Park
3191,WY,Platte
3192,WY,Sheridan
3193,WY,Sublette
3194,WY,Sweetwater
3195,WY,Teton
3196,WY,Uinta
3197,WY,Washakie
3198,WY,Weston
3199,PR,Puerto Rico
3200,PR,Adjuntas
3201,PR,Aguada
3202,PR,Aguadilla
3203,PR,Aguas Buenas
3204,PR,Aibonito
3205,PR,A√±asco
3206,PR,Arecibo
3207,PR,Arroyo
3208,PR,Barceloneta
3209,PR,Barranquitas
3210,PR,Bayam√≥n
3211,PR,Cabo Rojo
3212,PR,Caguas
3213,PR,Camuy
3214,PR,Can√≥vanas
3215,PR,Carolina
3216,PR,Cata√±o
3217,PR,Cayey
3218,PR,Ceiba
3219,PR,Ciales
3220,PR,Cidra
3221,PR,Coamo
3222,PR,Comer√≠o
3223,PR,Corozal
3224,PR,Culebra
3225,PR,Dorado
3226,PR,Fajardo
3227,PR,Florida
3228,PR,Gu√°nica
3229,PR,Guayama
3230,PR,Guayanilla
3231,PR,Guaynabo
3232,PR,Gurabo
3233,PR,Hatillo
3234,PR,Hormigueros
3235,PR,Humacao
3236,PR,Isabela
3237,PR,Jayuya
3238,PR,Juana D√≠az
3239,PR,Juncos
3240,PR,Lajas
3241,PR,Lares
3242,PR,Las Mar√≠as
3243,PR,Las Piedras
3244,PR,Lo√≠za
3245,PR,Luquillo
3246,PR,Manat√≠
3247,PR,Maricao
3248,PR,Maunabo
3249,PR,Mayag√ºez
3250,PR,Moca
3251,PR,Morovis
3252,PR,Naguabo
3253,PR,Naranjito
3254,PR,Orocovis
3255,PR,Patillas
3256,PR,Pe√±uelas
3257,PR,Ponce
3258,PR,Quebradillas
3259,PR,Rinc√≥n
3260,PR,R√≠o Grande
3261,PR,Sabana Grande
3262,PR,Salinas
3263,PR,San Germ√°n
3264,PR,San Juan
3265,PR,San Lorenzo
3266,PR,San Sebasti√°n
3267,PR,Santa Isabel
3268,PR,Toa Alta
3269,PR,Toa Baja
3270,PR,Trujillo Alto
3271,PR,Utuado
3272,PR,Vega Alta
3273,PR,Vega Baja
3274,PR,Vieques
3275,PR,Villalba
3276,PR,Yabucoa
3277,PR,Yauco
